{
    "MAE": 0.674201025714767,
    "RMSE": 0.8930584930510493,
    "R\u00b2": 0.40582121671607496
}