{
    "MAE": 0.6793744054769038,
    "RMSE": 0.8971299271945989,
    "R\u00b2": 0.4003911709737502
}