{
    "MAE": 0.6407949051941214,
    "RMSE": 0.836283085644245,
    "R\u00b2": 0.4789685289500578
}