{
    "MAE": 0.5687358080648366,
    "RMSE": 0.7557999217175145,
    "R\u00b2": 0.5744299902298118
}