{
    "MAE": 0.640148612670502,
    "RMSE": 0.8466763746447584,
    "R\u00b2": 0.4659373416083046
}